[{"pk": 5, "model": "contenttypes.contenttype", "fields": {"model": "contenttype", "name": "content type", "app_label": "contenttypes"}}, {"pk": 11, "model": "contenttypes.contenttype", "fields": {"model": "feature", "name": "feature", "app_label": "softgis_feature"}}, {"pk": 2, "model": "contenttypes.contenttype", "fields": {"model": "group", "name": "group", "app_label": "auth"}}, {"pk": 8, "model": "contenttypes.contenttype", "fields": {"model": "logentry", "name": "log entry", "app_label": "admin"}}, {"pk": 4, "model": "contenttypes.contenttype", "fields": {"model": "message", "name": "message", "app_label": "auth"}}, {"pk": 1, "model": "contenttypes.contenttype", "fields": {"model": "permission", "name": "permission", "app_label": "auth"}}, {"pk": 10, "model": "contenttypes.contenttype", "fields": {"model": "profilevalue", "name": "profile value", "app_label": "softgis_profile"}}, {"pk": 12, "model": "contenttypes.contenttype", "fields": {"model": "property", "name": "property", "app_label": "softgis_feature"}}, {"pk": 6, "model": "contenttypes.contenttype", "fields": {"model": "session", "name": "session", "app_label": "sessions"}}, {"pk": 7, "model": "contenttypes.contenttype", "fields": {"model": "site", "name": "site", "app_label": "sites"}}, {"pk": 9, "model": "contenttypes.contenttype", "fields": {"model": "staticprofilevalue", "name": "static profile value", "app_label": "softgis_profile"}}, {"pk": 3, "model": "contenttypes.contenttype", "fields": {"model": "user", "name": "user", "app_label": "auth"}}, {"pk": "11085f1cef28ab311685b2810731e185", "model": "sessions.session", "fields": {"expire_date": "2011-03-17 14:53:39", "session_data": "gAJ9cQEuZDZlOTliMjE2MDU5MGYzZjgxN2FjNzEzZTRlMmUzZTA=\n"}}, {"pk": "a061fa125971d3ce7314eb7230326eb7", "model": "sessions.session", "fields": {"expire_date": "2011-03-18 10:05:28", "session_data": "gAJ9cQEuZDZlOTliMjE2MDU5MGYzZjgxN2FjNzEzZTRlMmUzZTA=\n"}}, {"pk": "7810bc1107feee39b497c79197dee79a", "model": "sessions.session", "fields": {"expire_date": "2011-03-18 13:24:32", "session_data": "gAJ9cQEoVRJfYXV0aF91c2VyX2JhY2tlbmRxAlUpZGphbmdvLmNvbnRyaWIuYXV0aC5iYWNrZW5k\ncy5Nb2RlbEJhY2tlbmRxA1UNX2F1dGhfdXNlcl9pZHEESwh1LjA5NzE5MGY5MGZjYWI5Zjg2YjVk\nNmNiYmM4NTRjNmMx\n"}}, {"pk": 1, "model": "sites.site", "fields": {"domain": "example.com", "name": "example.com"}}, {"pk": 1, "model": "softgis_profile.staticprofilevalue", "fields": {"birthyear": null, "allow_notifications": false, "user": 1, "email_confirmed": false, "gender": null}}, {"pk": 2, "model": "softgis_profile.staticprofilevalue", "fields": {"birthyear": null, "allow_notifications": false, "user": 2, "email_confirmed": false, "gender": ""}}, {"pk": 4, "model": "softgis_profile.staticprofilevalue", "fields": {"birthyear": null, "allow_notifications": false, "user": 3, "email_confirmed": false, "gender": ""}}, {"pk": 6, "model": "softgis_profile.staticprofilevalue", "fields": {"birthyear": null, "allow_notifications": false, "user": 4, "email_confirmed": false, "gender": ""}}, {"pk": 8, "model": "softgis_profile.staticprofilevalue", "fields": {"birthyear": null, "allow_notifications": false, "user": 5, "email_confirmed": false, "gender": ""}}, {"pk": 10, "model": "softgis_profile.staticprofilevalue", "fields": {"birthyear": null, "allow_notifications": false, "user": 6, "email_confirmed": false, "gender": ""}}, {"pk": 14, "model": "softgis_profile.staticprofilevalue", "fields": {"birthyear": null, "allow_notifications": false, "user": 8, "email_confirmed": false, "gender": ""}}, {"pk": 12, "model": "softgis_profile.staticprofilevalue", "fields": {"birthyear": null, "allow_notifications": false, "user": 7, "email_confirmed": false, "gender": ""}}, {"pk": 29, "model": "softgis_profile.profilevalue", "fields": {"expire_time": null, "create_time": "2011-03-08 13:24:29", "user": 8, "json_string": "{\"happinessform\": {}, \"meetingform\": {}, \"feedbackform\": {}, \"user_id\": 8, \"safetyform\": {\"easymove\": \"50.123\", \"safemove\": \"50.123\", \"safegreen\": \"50.123\", \"childactivity\": \"50.123\"}, \"routesform\": {}, \"pearlsform\": {}, \"owncommentsform\": {\"owncomment\": \"\"}, \"background\": {\"family\": \"couplewithoutchildren\", \"howmanyyears\": \"\", \"gender\": \"woman\", \"age\": \"21\", \"bicycles\": \"4\", \"residenttype\": \"rent\", \"othermanoeuvring\": \"\", \"manouvering\": [\"wheelchair\"], \"publictransporttickets\": \"\", \"buildingtype\": \"semidetach\", \"cars\": \"\", \"tammis\": \"on\"}, \"beachesform\": {}}"}}, {"pk": 28, "model": "softgis_profile.profilevalue", "fields": {"expire_time": "2011-03-08 13:24:29", "create_time": "2011-03-07 16:55:35", "user": 8, "json_string": "{\"happinessform\": {}, \"meetingform\": {}, \"feedbackform\": {}, \"user_id\": 8, \"safetyform\": {\"easymove\": \"50.123\", \"safemove\": \"50.123\", \"safegreen\": \"50.123\", \"childactivity\": \"50.123\"}, \"routesform\": {}, \"pearlsform\": {}, \"background\": {\"family\": \"couplewithoutchildren\", \"howmanyyears\": \"\", \"gender\": \"woman\", \"age\": \"21\", \"bicycles\": \"4\", \"residenttype\": \"rent\", \"othermanoeuvring\": \"\", \"manouvering\": [\"wheelchair\"], \"publictransporttickets\": \"\", \"buildingtype\": \"semidetach\", \"cars\": \"\", \"tammis\": \"on\"}, \"beachesform\": {}}"}}, {"pk": 27, "model": "softgis_profile.profilevalue", "fields": {"expire_time": "2011-03-07 16:55:35", "create_time": "2011-03-07 13:22:21", "user": 8, "json_string": "{\"happinessform\": {}, \"meetingform\": {}, \"feedbackform\": {}, \"user_id\": 8, \"routesform\": {}, \"pearlsform\": {}, \"background\": {\"family\": \"couplewithoutchildren\", \"howmanyyears\": \"\", \"gender\": \"woman\", \"age\": \"21\", \"bicycles\": \"4\", \"residenttype\": \"rent\", \"othermanoeuvring\": \"\", \"manouvering\": [\"wheelchair\"], \"publictransporttickets\": \"\", \"buildingtype\": \"semidetach\", \"cars\": \"\", \"tammis\": \"on\"}, \"beachesform\": {}}"}}, {"pk": 26, "model": "softgis_profile.profilevalue", "fields": {"expire_time": "2011-03-07 13:22:21", "create_time": "2011-03-04 15:32:00", "user": 8, "json_string": "{\"happinessform\": {}, \"meetingform\": {}, \"feedbackform\": {}, \"user_id\": 8, \"pearlsform\": {}, \"background\": {\"family\": \"couplewithoutchildren\", \"howmanyyears\": \"\", \"gender\": \"woman\", \"age\": \"21\", \"bicycles\": \"4\", \"residenttype\": \"rent\", \"othermanoeuvring\": \"\", \"manouvering\": [\"wheelchair\"], \"publictransporttickets\": \"\", \"buildingtype\": \"semidetach\", \"cars\": \"\", \"tammis\": \"on\"}, \"beachesform\": {}}"}}, {"pk": 25, "model": "softgis_profile.profilevalue", "fields": {"expire_time": "2011-03-04 15:32:00", "create_time": "2011-03-04 15:31:17", "user": 8, "json_string": "{\"happinessform\": {}, \"feedbackform\": {}, \"user_id\": 8, \"pearlsform\": {}, \"background\": {\"family\": \"couplewithoutchildren\", \"howmanyyears\": \"\", \"gender\": \"woman\", \"age\": \"21\", \"bicycles\": \"4\", \"residenttype\": \"rent\", \"othermanoeuvring\": \"\", \"manouvering\": [\"wheelchair\"], \"publictransporttickets\": \"\", \"buildingtype\": \"semidetach\", \"cars\": \"\", \"tammis\": \"on\"}, \"beachesform\": {}}"}}, {"pk": 24, "model": "softgis_profile.profilevalue", "fields": {"expire_time": "2011-03-04 15:31:17", "create_time": "2011-03-04 14:55:40", "user": 8, "json_string": "{\"happinessform\": {}, \"feedbackform\": {}, \"user_id\": 8, \"pearlsform\": {}, \"background\": {\"family\": \"couplewithoutchildren\", \"howmanyyears\": \"\", \"gender\": \"woman\", \"age\": \"21\", \"bicycles\": \"4\", \"residenttype\": \"rent\", \"othermanoeuvring\": \"\", \"manouvering\": [\"wheelchair\"], \"publictransporttickets\": \"\", \"buildingtype\": \"semidetach\", \"cars\": \"\", \"tammis\": \"on\"}}"}}, {"pk": 23, "model": "softgis_profile.profilevalue", "fields": {"expire_time": "2011-03-04 14:55:40", "create_time": "2011-03-04 14:55:38", "user": 8, "json_string": "{\"happinessform\": {}, \"user_id\": 8, \"background\": {\"family\": \"couplewithoutchildren\", \"howmanyyears\": \"\", \"gender\": \"woman\", \"age\": \"21\", \"bicycles\": \"4\", \"residenttype\": \"rent\", \"othermanoeuvring\": \"\", \"manouvering\": [\"wheelchair\"], \"publictransporttickets\": \"\", \"buildingtype\": \"semidetach\", \"cars\": \"\", \"tammis\": \"on\"}, \"pearlsform\": {}}"}}, {"pk": 22, "model": "softgis_profile.profilevalue", "fields": {"expire_time": "2011-03-04 14:55:38", "create_time": "2011-03-04 14:54:50", "user": 8, "json_string": "{\"happinessform\": {}, \"user_id\": 8, \"background\": {\"family\": \"couplewithoutchildren\", \"howmanyyears\": \"\", \"gender\": \"woman\", \"age\": \"21\", \"bicycles\": \"4\", \"residenttype\": \"rent\", \"othermanoeuvring\": \"\", \"manouvering\": [\"wheelchair\"], \"publictransporttickets\": \"\", \"buildingtype\": \"semidetach\", \"cars\": \"\", \"tammis\": \"on\"}}"}}, {"pk": 21, "model": "softgis_profile.profilevalue", "fields": {"expire_time": "2011-03-04 14:54:50", "create_time": "2011-03-04 13:27:54", "user": 8, "json_string": "{\"happinessform\": {}, \"user_id\": 8, \"background\": {\"family\": \"couplewithoutchildren\", \"howmanyyears\": \"\", \"gender\": \"woman\", \"age\": \"21\", \"bicycles\": \"\", \"residenttype\": \"rent\", \"othermanoeuvring\": \"\", \"manouvering\": [\"wheelchair\"], \"publictransporttickets\": \"\", \"buildingtype\": \"semidetach\", \"cars\": \"\", \"tammis\": \"on\"}}"}}, {"pk": 20, "model": "softgis_profile.profilevalue", "fields": {"expire_time": "2011-03-04 13:27:54", "create_time": "2011-03-04 13:27:44", "user": 8, "json_string": "{\"happinessform\": {}, \"user_id\": 7, \"background\": {\"family\": \"couplewithoutchildren\", \"howmanyyears\": \"\", \"gender\": \"woman\", \"age\": \"21\", \"bicycles\": \"\", \"residenttype\": \"rent\", \"othermanoeuvring\": \"\", \"manouvering\": [\"wheelchair\"], \"publictransporttickets\": \"\", \"buildingtype\": \"semidetach\", \"cars\": \"\", \"tammis\": \"on\"}}"}}, {"pk": 19, "model": "softgis_profile.profilevalue", "fields": {"expire_time": "2011-03-04 13:27:44", "create_time": "2011-03-04 13:24:46", "user": 8, "json_string": "{\"user_id\": 7, \"background\": {\"family\": \"couplewithoutchildren\", \"howmanyyears\": \"\", \"gender\": \"woman\", \"age\": \"21\", \"bicycles\": \"\", \"residenttype\": \"rent\", \"othermanoeuvring\": \"\", \"manouvering\": [\"wheelchair\"], \"publictransporttickets\": \"\", \"buildingtype\": \"semidetach\", \"cars\": \"\", \"tammis\": \"on\"}}"}}, {"pk": 18, "model": "softgis_profile.profilevalue", "fields": {"expire_time": null, "create_time": "2011-03-04 13:00:13", "user": 7, "json_string": "{\"happinessform\": {}, \"meetingform\": {}, \"user_id\": 7, \"safetyform\": {\"easymove\": \"50.123\", \"safemove\": \"50.123\", \"safegreen\": \"50.123\", \"childactivity\": \"50.123\"}, \"routesform\": {}, \"background\": {\"family\": \"couplewithchildren\", \"howmanyyears\": \"\", \"gender\": \"man\", \"age\": \"36\", \"bicycles\": \"\", \"residenttype\": null, \"othermanoeuvring\": \"\", \"manouvering\": [], \"publictransporttickets\": \"\", \"buildingtype\": null, \"cars\": \"\", \"tammis\": \"on\"}, \"atmosphereform\": {}}"}}, {"pk": 17, "model": "softgis_profile.profilevalue", "fields": {"expire_time": "2011-03-04 13:00:13", "create_time": "2011-03-04 13:00:09", "user": 7, "json_string": "{\"happinessform\": {}, \"meetingform\": {}, \"user_id\": 7, \"safetyform\": {\"easymove\": \"50.123\", \"safemove\": \"50.123\", \"safegreen\": \"50.123\", \"childactivity\": \"50.123\"}, \"routesform\": {}, \"background\": {\"family\": \"couplewithchildren\", \"howmanyyears\": \"\", \"gender\": \"man\", \"age\": \"36\", \"bicycles\": \"\", \"residenttype\": null, \"othermanoeuvring\": \"\", \"manouvering\": [], \"publictransporttickets\": \"\", \"buildingtype\": null, \"cars\": \"\", \"tammis\": \"on\"}}"}}, {"pk": 16, "model": "softgis_profile.profilevalue", "fields": {"expire_time": "2011-03-04 13:00:09", "create_time": "2011-03-04 12:46:14", "user": 7, "json_string": "{\"happinessform\": {}, \"meetingform\": {}, \"user_id\": 7, \"routesform\": {}, \"background\": {\"family\": \"couplewithchildren\", \"howmanyyears\": \"\", \"gender\": \"man\", \"age\": \"36\", \"bicycles\": \"\", \"residenttype\": null, \"othermanoeuvring\": \"\", \"manouvering\": [], \"publictransporttickets\": \"\", \"buildingtype\": null, \"cars\": \"\", \"tammis\": \"on\"}}"}}, {"pk": 15, "model": "softgis_profile.profilevalue", "fields": {"expire_time": "2011-03-04 12:46:14", "create_time": "2011-03-04 12:28:22", "user": 7, "json_string": "{\"happinessform\": {}, \"meetingform\": {}, \"user_id\": 7, \"background\": {\"family\": \"couplewithchildren\", \"howmanyyears\": \"\", \"gender\": \"man\", \"age\": \"36\", \"bicycles\": \"\", \"residenttype\": null, \"othermanoeuvring\": \"\", \"manouvering\": [], \"publictransporttickets\": \"\", \"buildingtype\": null, \"cars\": \"\", \"tammis\": \"on\"}}"}}, {"pk": 14, "model": "softgis_profile.profilevalue", "fields": {"expire_time": "2011-03-04 12:28:22", "create_time": "2011-03-04 12:28:09", "user": 7, "json_string": "{\"happinessform\": {}, \"user_id\": 7, \"background\": {\"family\": \"couplewithchildren\", \"howmanyyears\": \"\", \"gender\": \"man\", \"age\": \"36\", \"bicycles\": \"\", \"residenttype\": null, \"othermanoeuvring\": \"\", \"manouvering\": [], \"publictransporttickets\": \"\", \"buildingtype\": null, \"cars\": \"\", \"tammis\": \"on\"}}"}}, {"pk": 13, "model": "softgis_profile.profilevalue", "fields": {"expire_time": "2011-03-04 12:28:09", "create_time": "2011-03-04 11:23:07", "user": 7, "json_string": "{\"happinessform\": {}, \"user_id\": 0, \"background\": {\"family\": \"NULL\", \"howmanyyears\": \"\", \"gender\": \"man\", \"age\": \"36\", \"bicycles\": \"\", \"residenttype\": null, \"othermanoeuvring\": \"\", \"manouvering\": [], \"publictransporttickets\": \"\", \"buildingtype\": null, \"cars\": \"\", \"tammis\": \"on\"}}"}}, {"pk": 12, "model": "softgis_profile.profilevalue", "fields": {"expire_time": "2011-03-04 11:23:07", "create_time": "2011-03-04 10:32:21", "user": 7, "json_string": "{\"user_id\": 0, \"background\": {\"family\": \"NULL\", \"howmanyyears\": \"\", \"gender\": \"man\", \"age\": \"36\", \"bicycles\": \"\", \"residenttype\": null, \"othermanoeuvring\": \"\", \"manouvering\": [], \"publictransporttickets\": \"\", \"buildingtype\": null, \"cars\": \"\", \"tammis\": \"on\"}}"}}, {"pk": 11, "model": "softgis_profile.profilevalue", "fields": {"expire_time": null, "create_time": "2011-03-04 10:15:34", "user": 6, "json_string": "{\"happinessform\": {}, \"user_id\": 0, \"background\": {\"family\": \"NULL\", \"howmanyyears\": \"\", \"gender\": \"man\", \"age\": \"36\", \"bicycles\": \"\", \"residenttype\": null, \"othermanoeuvring\": \"\", \"manouvering\": [], \"publictransporttickets\": \"\", \"buildingtype\": null, \"cars\": \"\", \"tammis\": \"on\"}}"}}, {"pk": 10, "model": "softgis_profile.profilevalue", "fields": {"expire_time": "2011-03-04 10:15:34", "create_time": "2011-03-04 10:09:22", "user": 6, "json_string": "{\"user_id\": 0, \"background\": {\"family\": \"NULL\", \"howmanyyears\": \"\", \"gender\": \"man\", \"age\": \"36\", \"bicycles\": \"\", \"residenttype\": null, \"othermanoeuvring\": \"\", \"manouvering\": [], \"publictransporttickets\": \"\", \"buildingtype\": null, \"cars\": \"\", \"tammis\": \"on\"}}"}}, {"pk": 9, "model": "softgis_profile.profilevalue", "fields": {"expire_time": null, "create_time": "2011-03-04 10:04:10", "user": 5, "json_string": "{\"user_id\": 0, \"background\": {\"family\": \"couplewithchildren\", \"howmanyyears\": \"\", \"gender\": \"man\", \"age\": \"36\", \"bicycles\": \"\", \"residenttype\": \"rent\", \"othermanoeuvring\": \"\", \"manouvering\": [], \"publictransporttickets\": \"\", \"buildingtype\": \"semidetach\", \"cars\": \"\", \"tammis\": \"on\"}}"}}, {"pk": 8, "model": "softgis_profile.profilevalue", "fields": {"expire_time": null, "create_time": "2011-03-04 09:44:31", "user": 4, "json_string": "{\"user_id\": 3, \"background\": {\"family\": \"couplewithchildren\", \"howmanyyears\": \"\", \"gender\": \"man\", \"age\": \"36\", \"bicycles\": \"\", \"residenttype\": \"rent\", \"othermanoeuvring\": \"\", \"manouvering\": [], \"publictransporttickets\": \"\", \"buildingtype\": \"semidetach\", \"cars\": \"\", \"tammis\": \"on\"}}"}}, {"pk": 7, "model": "softgis_profile.profilevalue", "fields": {"expire_time": null, "create_time": "2011-03-04 09:41:10", "user": 3, "json_string": "{\"happinessform\": {}, \"user_id\": 2, \"background\": {\"family\": \"couplewithchildren\", \"howmanyyears\": \"\", \"gender\": \"man\", \"age\": \"36\", \"bicycles\": \"\", \"residenttype\": \"rent\", \"othermanoeuvring\": \"\", \"manouvering\": [], \"publictransporttickets\": \"\", \"buildingtype\": \"semidetach\", \"cars\": \"\", \"tammis\": \"on\"}}"}}, {"pk": 6, "model": "softgis_profile.profilevalue", "fields": {"expire_time": "2011-03-04 09:41:10", "create_time": "2011-03-04 09:39:09", "user": 3, "json_string": "{\"user_id\": 2, \"background\": {\"family\": \"couplewithchildren\", \"howmanyyears\": \"\", \"gender\": \"man\", \"age\": \"36\", \"bicycles\": \"\", \"residenttype\": \"rent\", \"othermanoeuvring\": \"\", \"manouvering\": [], \"publictransporttickets\": \"\", \"buildingtype\": \"semidetach\", \"cars\": \"\", \"tammis\": \"on\"}}"}}, {"pk": 5, "model": "softgis_profile.profilevalue", "fields": {"expire_time": null, "create_time": "2011-03-03 15:28:59", "user": 2, "json_string": "{\"happinessform\": {}, \"meetingform\": {}, \"user_id\": 2, \"routesform\": {}, \"background\": {\"family\": \"couplewithoutchildren\", \"howmanyyears\": \"22\", \"gender\": \"woman\", \"age\": \"43\", \"bicycles\": \"12\", \"residenttype\": \"rightofresidence\", \"othermanoeuvring\": \"\", \"manouvering\": [\"wheelwalker\"], \"publictransporttickets\": \"\", \"buildingtype\": \"block2to4\", \"cars\": \"\", \"tammis\": \"on\"}}"}}, {"pk": 4, "model": "softgis_profile.profilevalue", "fields": {"expire_time": "2011-03-03 15:28:59", "create_time": "2011-03-03 15:28:50", "user": 2, "json_string": "{\"happinessform\": {}, \"meetingform\": {}, \"user_id\": 2, \"background\": {\"family\": \"couplewithoutchildren\", \"howmanyyears\": \"22\", \"gender\": \"woman\", \"age\": \"43\", \"bicycles\": \"12\", \"residenttype\": \"rightofresidence\", \"othermanoeuvring\": \"\", \"manouvering\": [\"wheelwalker\"], \"publictransporttickets\": \"\", \"buildingtype\": \"block2to4\", \"cars\": \"\", \"tammis\": \"on\"}}"}}, {"pk": 3, "model": "softgis_profile.profilevalue", "fields": {"expire_time": "2011-03-03 15:28:50", "create_time": "2011-03-03 14:55:57", "user": 2, "json_string": "{\"happinessform\": {}, \"user_id\": 2, \"background\": {\"family\": \"couplewithoutchildren\", \"howmanyyears\": \"22\", \"gender\": \"woman\", \"age\": \"43\", \"bicycles\": \"12\", \"residenttype\": \"rightofresidence\", \"othermanoeuvring\": \"\", \"manouvering\": [\"wheelwalker\"], \"publictransporttickets\": \"\", \"buildingtype\": \"block2to4\", \"cars\": \"\", \"tammis\": \"on\"}}"}}, {"pk": 2, "model": "softgis_profile.profilevalue", "fields": {"expire_time": "2011-03-03 14:55:57", "create_time": "2011-03-03 14:55:16", "user": 2, "json_string": "{\"happinessform\": {}, \"user_id\": 0, \"background\": {\"family\": \"couplewithoutchildren\", \"howmanyyears\": \"22\", \"gender\": \"woman\", \"age\": \"43\", \"bicycles\": \"12\", \"residenttype\": \"rightofresidence\", \"othermanoeuvring\": \"\", \"manouvering\": [\"wheelwalker\"], \"publictransporttickets\": \"\", \"buildingtype\": \"block2to4\", \"cars\": \"\", \"tammis\": \"on\"}}"}}, {"pk": 1, "model": "softgis_profile.profilevalue", "fields": {"expire_time": "2011-03-03 14:55:16", "create_time": "2011-03-03 14:54:38", "user": 2, "json_string": "{\"user_id\": 0, \"background\": {\"family\": \"couplewithoutchildren\", \"howmanyyears\": \"22\", \"gender\": \"woman\", \"age\": \"43\", \"bicycles\": \"12\", \"residenttype\": \"rightofresidence\", \"othermanoeuvring\": \"\", \"manouvering\": [\"wheelwalker\"], \"publictransporttickets\": \"\", \"buildingtype\": \"block2to4\", \"cars\": \"\", \"tammis\": \"on\"}}"}}, {"pk": 1, "model": "softgis_feature.feature", "fields": {"geometry": "POINT (224405.0063595149549656 7020588.1664689742028713)", "expire_time": null, "create_time": "2011-03-03 14:54:45", "user": 2}}, {"pk": 2, "model": "softgis_feature.feature", "fields": {"geometry": "LINESTRING (222954.5031209912849590 7012935.9345261836424470, 213336.3505513528361917 7029598.3678510496392846, 238600.9344138538581319 7031359.4380398569628596, 241513.4735722655314021 7023637.8225966254249215)", "expire_time": null, "create_time": "2011-03-03 15:28:57", "user": 2}}, {"pk": 3, "model": "softgis_feature.feature", "fields": {"geometry": "LINESTRING (212642.0824961499893107 7002703.9473955435678363, 224563.1730049976613373 7012051.1660899808630347, 233707.1912930342368782 7017808.5109380036592484, 233842.6582306347845588 7021940.2525348197668791)", "expire_time": null, "create_time": "2011-03-03 17:20:23", "user": 2}}, {"pk": 4, "model": "softgis_feature.feature", "fields": {"geometry": "LINESTRING (226099.8760784038167913 7010260.4625085731968284, 225930.5424064031394664 7012343.2666741814464331, 225642.6751640019938350 7013325.4019717853516340, 225117.7407807998824865 7013376.2020733859390020)", "expire_time": null, "create_time": "2011-03-03 17:21:11", "user": 2}}, {"pk": 5, "model": "softgis_feature.feature", "fields": {"geometry": "LINESTRING (226099.8760784038167913 7010260.4625085731968284, 225930.5424064031394664 7012343.2666741814464331, 225642.6751640019938350 7013325.4019717853516340, 225117.7407807998824865 7013376.2020733859390020)", "expire_time": null, "create_time": "2011-03-03 17:21:41", "user": 2}}, {"pk": 6, "model": "softgis_feature.feature", "fields": {"geometry": "POINT (227877.8796344109287020 7009640.2779348706826568)", "expire_time": null, "create_time": "2011-03-04 09:39:19", "user": 3}}, {"pk": 7, "model": "softgis_feature.feature", "fields": {"geometry": "POINT (227877.8796344109287020 7009640.2779348706826568)", "expire_time": null, "create_time": "2011-03-04 09:39:32", "user": 3}}, {"pk": 8, "model": "softgis_feature.feature", "fields": {"geometry": "POINT (227979.4798376113467384 7009545.0277443705126643)", "expire_time": null, "create_time": "2011-03-04 09:44:41", "user": 4}}, {"pk": 9, "model": "softgis_feature.feature", "fields": {"geometry": "POINT (229569.5371128186234273 7007493.5995141789317131)", "expire_time": null, "create_time": "2011-03-04 10:05:28", "user": 5}}, {"pk": 10, "model": "softgis_feature.feature", "fields": {"geometry": "POINT (384787.1308813395444304 6675174.1515419473871589)", "expire_time": null, "create_time": "2011-03-04 10:15:12", "user": 6}}, {"pk": 11, "model": "softgis_feature.feature", "fields": {"geometry": "POINT (384787.1308813395444304 6675174.1515419473871589)", "expire_time": null, "create_time": "2011-03-04 10:15:49", "user": 6}}, {"pk": 12, "model": "softgis_feature.feature", "fields": {"geometry": "POINT (229059.4194259165960830 7007542.2829448804259300)", "expire_time": null, "create_time": "2011-03-04 10:32:33", "user": 7}}, {"pk": 13, "model": "softgis_feature.feature", "fields": {"geometry": "LINESTRING (227433.3787454091361724 7009102.6435262737795711, 227479.9455052093253471 7009479.4109464753419161, 227759.3460640104603954 7009502.6943263756111264, 227990.0631921113817953 7009371.4607305750250816, 227964.6631413112918381 7009221.1770966742187738)", "expire_time": null, "create_time": "2011-03-04 12:28:30", "user": 7}}, {"pk": 14, "model": "softgis_feature.feature", "fields": {"geometry": "LINESTRING (227818.6128492106799968 7009286.7938945749774575, 227918.0963815111026634 7009646.6279475763440132, 228212.3136366122635081 7009621.2278967760503292)", "expire_time": null, "create_time": "2011-03-04 12:32:31", "user": 7}}, {"pk": 15, "model": "softgis_feature.feature", "fields": {"geometry": "LINESTRING (227740.2960259103856515 7009051.8434246741235256, 228032.3966101115511265 7009360.8773760749027133)", "expire_time": null, "create_time": "2011-03-04 12:44:26", "user": 7}}, {"pk": 16, "model": "softgis_feature.feature", "fields": {"geometry": "LINESTRING (227721.2459878103109077 7009159.7936405744403601, 227613.2957719098776579 7009756.6948343757539988, 227664.0958735100866761 7009765.1615179758518934)", "expire_time": null, "create_time": "2011-03-04 12:53:38", "user": 7}}, {"pk": 17, "model": "softgis_feature.feature", "fields": {"geometry": "POINT (227911.7463688110583462 7009348.1773506747558713)", "expire_time": null, "create_time": "2011-03-04 13:00:21", "user": 7}}, {"pk": 19, "model": "softgis_feature.feature", "fields": {"geometry": "POINT (227949.8464450112078339 7009458.2442374750971794)", "expire_time": null, "create_time": "2011-03-04 13:33:41", "user": 8}}, {"pk": 20, "model": "softgis_feature.feature", "fields": {"geometry": "LINESTRING (227348.7119094087975100 7009202.1270585739985108, 227355.0619221088418271 7009219.0604257741943002, 227361.4119348088570405 7009235.9937929743900895, 227369.8786184088967275 7009257.1605019737035036, 227382.5786438089562580 7009274.0938691738992929, 227393.1619983089913148 7009291.0272363740950823, 227410.0953655090415850 7009307.9606035742908716, 227427.0287327091209590 7009318.5439580744132400, 227439.7287581091804896 7009335.4773252746090293, 227456.6621253092307597 7009343.9440088747069240, 227473.5954925093101338 7009346.0606797747313976, 227490.5288597093895078 7009339.7106670746579766, 227507.4622269094397780 7009322.7772998744621873, 228311.7971689126861747 7009077.2434754734858871, 228688.5645891141903121 7009102.6435262737795711, 228838.8482230147928931 7009197.8937167739495635, 228722.4313235143199563 7009335.4773252746090293, 227973.1298249113024212 7009513.2776808748021722, 227945.6131032112170942 7009519.6276935748755932, 228307.5638271126663312 7009636.0445930752903223, 228322.3805234127212316 7009652.9779602754861116, 228313.9138398126815446 7009678.3780110757797956, 228280.0471054125519004 7009701.6613909760490060, 228248.2970419124176260 7009708.0114036761224270, 228176.3302313121384941 7009701.6613909760490060, 228119.1801170119142625 7009701.6613909760490060, 228076.8466990117449313 7009699.5447200760245323, 228002.7632175114413258 7009697.4280491760000587, 227905.3963561110431328 7009720.7114290753379464, 227867.2962799108936451 7009760.9281761758029461, 227871.5296217109134886 7009830.7783158756792545, 227886.3463180109683890 7009879.4617465762421489, 227894.8130016110080760 7009902.7451264765113592, 227924.4463942111178767 7009934.4951899768784642, 227956.1964577112521511 7009962.0119116762652993)", "expire_time": null, "create_time": "2011-03-04 15:32:32", "user": 8}}, {"pk": 21, "model": "softgis_feature.feature", "fields": {"geometry": "LINESTRING (227691.6125952102011070 7009102.6435262737795711, 227704.3126206102315336 7009119.5768934739753604, 227736.0626841103658080 7009147.0936151742935181, 227765.6960767104756087 7009178.8436786737293005, 227788.9794566105701961 7009219.0604257741943002, 227829.1962037107441574 7009261.3938437746837735, 227848.2462418108189013 7009310.0772744743153453, 227858.8295963108539581 7009343.9440088747069240, 227867.2962799108936451 7009377.8107432750985026, 227871.5296217109134886 7009394.7441104743629694, 227863.0629381108738016 7009411.6774776745587587, 227837.6628873107838444 7009439.1941993748769164, 227776.2794312105397694 7009458.2442374750971794, 227695.8459370102209505 7009458.2442374750971794, 227678.9125698101415765 7009451.8942247750237584, 227661.9792026100622024 7009437.0775284748524427, 227636.5791518099722452 7009409.5608067745342851, 227613.2957719098776579 7009392.6274395743384957, 227509.5788978094642516 7009388.3940977742895484, 227344.4785676088067703 7009390.5107686743140221, 227244.9950353084132075 7009394.7441104743629694, 227217.4783136082987767 7009396.8607813743874431, 227181.4949083081446588 7009405.3274649744853377, 227143.3948321079951711 7009415.9108194746077061, 227117.9947813078761101 7009426.4941739747300744, 227088.3613887077663094 7009437.0775284748524427, 227071.4280215077160392 7009443.4275411749258637, 227054.4946543076366652 7009451.8942247750237584, 227035.4446162075619213 7009462.4775792751461267, 227014.2779072074627038 7009473.0609337752684951, 226997.3445400074124336 7009483.6442882753908634, 226993.1111982073925901 7009502.6943263746798038, 226993.1111982073925901 7009525.9777062749490142, 227003.6945527074276470 7009547.1444152751937509, 227029.0946035075467080 7009570.4277951754629612, 227046.0279707075969782 7009576.7778078755363822, 227067.1946797076961957 7009583.1278205756098032, 227096.8280723078059964 7009589.4778332756832242, 227128.5781358079402708 7009591.5945041757076979, 227147.6281739080150146 7009593.7111750757321715, 227170.9115538081096020 7009593.7111750757321715, 227198.4282755082240328 7009600.0611877758055925, 227232.2950099083536770 7009602.1778586758300662, 227270.3950861085031647 7009610.6445422759279609, 227321.1951877087121829 7009623.3445676751434803, 227352.9452512088464573 7009638.1612639753147960, 227386.8119856089761015 7009652.9779602754861116, 227403.7453528090263717 7009659.3279729755595326, 227420.6787200091057457 7009663.5613147756084800, 227450.3121126092155464 7009684.7280237758532166, 227482.0621761093498208 7009710.1280745761469007, 227511.6955687094596215 7009727.0614417763426900, 227647.1625063100073021 7009746.1114798756316304, 227901.1630143110232893 7009750.3448216756805778, 228062.0300027116900310 7009743.9948089756071568, 228091.6633953117998317 7009731.2947835754603148, 228163.6302059120789636 7009712.2447454761713743, 228277.9304345125565305 7009688.9613655759021640, 228322.3805234127212316 7009686.8446946758776903, 228468.4308155133039691 7009686.8446946758776903, 228542.5142970136075746 7009686.8446946758776903, 228817.6815140147227794 7009676.2613401757553220, 228851.5482484148524236 7009663.5613147756084800, 228868.4816156149026938 7009652.9779602754861116, 228883.2983119149575941 7009636.0445930752903223, 228898.1150082150415983 7009619.1112258750945330, 228915.0483754150918685 7009604.2945295758545399, 228934.0984135151666123 7009591.5945041757076979, 228944.6817680152307730 7009574.6611369755119085, 228961.6151352152810432 7009559.8444406753405929, 228967.9651479153253604 7009542.9110734751448035, 228972.1984897153161000 7009525.9777062749490142, 228978.5485024153604172 7009509.0443390747532248, 228982.7818442153802607 7009485.7609591754153371, 228984.8985151153756306 7009462.4775792751461267, 228987.0151860154001042 7009441.3108702749013901, 228989.1318569153954741 7009403.2107940744608641, 228989.1318569153954741 7009379.9274141751229763, 228989.1318569153954741 7009354.5273633748292923, 228989.1318569153954741 7009331.2439834745600820, 229171.1655543161323294 7009310.0772744743153453, 229166.9322125161124859 7009263.5105146747082472, 229162.6988707160926424 7009233.8771220743656158, 229156.3488580160774291 7009208.4770712740719318, 229143.6488326160178985 7009178.8436786737293005, 229097.0820728158287238 7009117.4602225739508867, 229020.8819204155297484 7009062.4267791733145714, 229008.1818950154993217 7009017.9766902737319469, 228845.1982357148372103 7009013.7433484736829996, 228790.1647923146083485 7009015.8600193737074733, 228758.4147288144740742 7009017.9766902737319469, 228576.3810314137663227 7009007.3933357736095786, 228510.7642335135024041 7009003.1599939735606313, 228489.5975245134031866 7009001.0433230735361576, 228364.7139414128905628 7008958.7099050730466843, 228332.9638779127853923 7008943.8932087728753686, 228316.0305107127060182 7008939.6598669728264213, 228299.0971435126557481 7008929.0765124727040529, 228282.1637763125763740 7008920.6098288735374808, 228239.8303583124070428 7008895.2097780732437968, 228222.8969911123276688 7008723.7594351731240749, 228201.7302821122575551 7008732.2261187732219696, 228184.7969149121781811 7008653.9092954732477665, 228144.5801678120333236 7008685.6593589726835489, 228112.8301043118990492 7008715.2927515730261803, 228085.3133826117846183 7008740.6928023733198643, 228066.2633445117098745 7008675.0760044734925032, 228049.3299773116305005 7008683.5426880735903978, 228032.3966101115802303 7008685.6593589736148715, 228015.4632429115008563 7008685.6593589736148715, 227998.5298757114214823 7008681.4260171735659242, 227981.5965085113712121 7008670.8426626734435558, 227964.6631413112918381 7008658.1426372732967138, 227956.1964577112521511 7008641.2092700731009245, 227954.0797868112567812 7008624.2759028729051352, 227954.0797868112567812 7008605.2258647726848722, 227951.9631159112614114 7008588.2924975724890828, 227945.6131032112170942 7008571.3591303732246161, 227935.0297487111820374 7008554.4257631730288267, 227918.0963815111026634 7008459.1755726728588343, 227901.1630143110523932 7008285.6085588727146387, 227879.9963053109531756 7008205.1750646727159619, 227863.0629381109029055 7008226.3417736729606986, 227852.4795836108387448 7008158.6083048721775413, 227844.0129000108281616 7008179.7750138724222779, 227829.1962037107441574 7008217.8750900728628039, 227820.7295201107335743 7008152.2582921730354428, 227795.3294693106145132 7008213.6417482728138566, 227784.7461148105794564 7008268.6751916734501719, 227782.6294439105840866 7008304.6585969729349017, 227782.6294439105840866 7008321.5919641731306911, 227782.6294439105840866 7008478.2256107740104198, 227784.7461148105794564 7008529.0257123736664653, 227784.7461148105794564 7008545.9590795738622546, 227791.0961275105946697 7008565.0091176740825176, 227801.6794820106588304 7008584.0591557743027806, 227818.6128492107091006 7008600.9925229744985700, 227835.5462164107884746 7008600.9925229744985700, 227852.4795836108387448 7008586.1758266743272543, 227879.9963053109531756 7008565.0091176740825176, 227983.7131794113665819 7008516.3256869735196233, 228347.7805742128402926 7008454.9422308737412095, 228466.3141446133085992 7008448.5922181736677885, 228483.2475118133879732 7008463.4089144738391042, 228498.0642081134428736 7008503.6256615743041039, 228500.1808790134382434 7008520.5590287735685706, 228495.9475372134183999 7008537.4923959737643600, 228419.7473848131194245 7008569.2424594741314650, 228356.2472578128799796 7008577.7091430742293596, 228339.3138906128006056 7008579.8258139742538333, 228299.0971435126557481 7008588.2924975743517280, 228244.0637001124268863 7008617.9258901746943593, 228197.4969403122377116 7008675.0760044744238257, 228180.5635731121583376 7008732.2261187750846148, 228176.3302313121384941 7008749.1594859743490815, 228123.4134588119341061 7008812.6596129750832915, 228104.3634207118593622 7008838.0596637753769755, 228093.7800662118243054 7008854.9930309755727649, 228070.4966863117297180 7008878.2764108749106526, 227971.0131540113361552 7008897.3264489751309156, 227901.1630143110523932 7008871.9263981748372316, 227882.1129762109776493 7008838.0596637753769755, 227869.4129508109181188 7008808.4262711750343442, 227856.7129254108585883 7008787.2595621747896075, 227841.8962291108036879 7008770.3261949745938182, 227814.3795074106892571 7008711.0594097748398781, 227805.9128238106495701 7008694.1260425746440887, 227801.6794820106588304 7008672.9593335743993521, 227805.9128238106495701 7008634.8592573739588261, 227833.4295455107640009 7008586.1758266743272543, 228021.8132556115160696 7008571.3591303741559386, 228100.1300789118395187 7008581.9424848742783070, 228119.1801170119142625 7008605.2258647745475173, 228142.4634969120088499 7008692.0093716746196151, 228176.3302313121384941 7008744.9261441752314568, 228246.1803710124222562 7008761.8595113744959235, 228307.5638271126663312 7008749.1594859743490815, 228320.2638525127258617 7008704.7093970747664571, 228320.2638525127258617 7008641.2092700740322471, 228309.6804980126908049 7008590.4091684743762016, 228273.6970927125366870 7008493.0423070741817355, 228244.0637001124268863 7008446.4755472736433148, 228254.6470546124619432 7008423.1921673733741045, 228303.3304853126464877 7008404.1421292731538415, 228489.5975245134031866 7008393.5587747739627957, 228692.7979309142101556 7008435.8921927735209465, 228745.7147034144436475 7008552.3090922739356756, 228758.4147288144740742 7008664.4926499743014574, 228735.1313489143794868 7008740.6928023751825094, 228669.5145510141155683 7008763.9761822745203972, 228436.6807520131987985 7008725.8761060750111938, 228280.0471054125519004 7008704.7093970747664571, 227947.7297741112415679 7008700.4760552747175097, 227628.1124682099616621 7008713.1760806748643517, 227613.2957719098776579 7008757.6261695744469762, 228675.8645637141598854 7008842.2930055754259229, 228677.9812346141552553 7008863.4597145747393370, 228606.0144240138761234 7008880.3930817749351263, 228570.0310187137220055 7008871.9263981748372316, 228540.3976261136122048 7008846.5263473754748702, 228396.4640049130248372 7008698.3593843746930361, 228193.2635985122178681 7008531.1423832736909389, 228095.8967371118196752 7008503.6256615743041039, 228051.4466482116549741 7008512.0923451744019985, 228026.0465974115359131 7008577.7091430742293596, 228019.6965847115206998 7008643.3259409740567207, 228038.7466228115954436 7008685.6593589745461941, 228062.0300027116900310 7008723.7594351749867201, 228129.7634715119493194 7008761.8595113744959235, 228210.1969657122972421 7008789.3762330748140812, 228256.7637255124864168 7008795.7262457748875022, 228390.1139922130096238 7008791.4929039748385549, 228481.1308409133634996 7008808.4262711750343442, 228487.4808536134078167 7008835.9429928753525019, 228485.3641827133833431 7008861.3430436747148633, 228468.4308155133330729 7008871.9263981748372316, 228443.0307647132140119 7008878.2764108749106526, 228332.9638779127853923 7008871.9263981748372316, 228307.5638271126663312 7008876.1597399748861790, 228256.7637255124864168 7008884.6264235749840736, 228201.7302821122575551 7008890.9764362750574946, 228142.4634969120088499 7008916.3764870753511786, 228110.7134334118745755 7008939.6598669756203890, 228100.1300789118395187 7008956.5932341758161783, 228098.0134080118441489 7008981.9932849751785398, 228100.1300789118395187 7009024.3267029756680131, 228100.1300789118395187 7009041.2600701758638024, 228100.1300789118395187 7009058.1934373760595918, 228087.4300535117799882 7009075.1268045762553811, 228068.3800154117052443 7009075.1268045762553811, 228023.9299265115405433 7009058.1934373760595918, 228000.6465466114459559 7009032.7933865757659078, 227975.2464958113559987 7009007.3933357754722238, 227954.0797868112567812 7008988.3432976752519608, 227935.0297487111820374 7008971.4099304759874940, 227920.2130524111271370 7008954.4765632757917047, 227913.8630397110828198 7008937.5431960755959153, 227911.7463688110874500 7008920.6098288754001260, 227960.4297995112719946 7008914.2598161753267050, 228011.2299011114810128 7008910.0264743752777576, 228218.6636493123078253 7008910.0264743752777576, 228451.4974483132536989 7008916.3764870753511786, 228479.0141700133681297 7008920.6098288754001260, 228495.9475372134183999 7008924.8431706754490733, 228523.4642589135328308 7008943.8932087756693363, 228502.2975499134627171 7008941.7765378756448627, 228419.7473848131194245 7008916.3764870753511786, 228148.8135096120531671 7008857.1097018755972385, 227746.6460386104299687 7008747.0428150743246078, 227454.5454544092644937 7008692.0093716746196151, 227240.7616935083933640 7008647.5592827741056681, 227139.1614903079753276 7008609.4592065745964646, 227084.1280469077755697 7008600.9925229744985700, 227024.8612617075268645 7008596.7591811744496226, 226984.6445146073820069 7008596.7591811744496226, 226950.7777802072232589 7008603.1091938745230436, 226923.2610585071088281 7008607.3425356745719910, 226895.7443368070235010 7008609.4592065745964646, 226866.1109442068845965 7008611.5758774746209383, 226849.1775770068343263 7008611.5758774746209383, 226832.2442098067549523 7008613.6925483746454120, 226815.3108426066755783 7008613.6925483746454120, 226796.2608045066008344 7008613.6925483746454120, 225543.1916317016293760 7008609.4592065745964646, 226466.0601441053440794 7008600.9925229744985700, 226707.3606267063005362 7008575.5924721742048860, 226692.5439304062456358 7008484.5756234740838408, 226499.9268785054737236 7008467.6422562738880515, 226487.2268531054141931 7008444.3588763736188412, 226468.1768150053394493 7008444.3588763736188412, 226444.8934351052448619 7008446.4755472736433148, 226423.7267261051747482 7008448.5922181736677885, 226389.8599917050451040 7008450.7088890736922622, 226355.9932573048863560 7008452.8255599737167358, 226334.8265483048162423 7008452.8255599737167358, 226205.7096234042837750 7008463.4089144738391042, 226019.4425842035561800 7008467.6422562738880515, 225919.9590519031626172 7008478.2256107740104198, 225767.5587471025355626 7008490.9256361741572618, 225640.5584931020275690 7008501.5089906742796302, 225610.9251005019177683 7008509.9756742743775249, 225553.7749862016935367 7008518.4423578735440969, 225492.3915301014203578 7008524.7923705736175179, 225469.1081502013548743 7008524.7923705736175179, 225437.3580867012205999 7008529.0257123736664653, 225420.4247195011412259 7008539.6090668737888336, 225397.1413396010466386 7008543.8424086738377810, 225363.2746052009169944 7008552.3090922739356756, 225346.3412380008376203 7008556.5424340739846230, 225329.4078708007873502 7008556.5424340739846230, 225312.4745036007079761 7008558.6591049740090966, 225295.5411364006577060 7008558.6591049740090966)", "expire_time": null, "create_time": "2011-03-04 16:18:26", "user": 8}}, {"pk": 22, "model": "softgis_feature.feature", "fields": {"geometry": "LINESTRING (225407.7246941011107992 7007997.7413164721801877, 225414.0747068011260126 7008014.6746836714446545, 225456.4081248012953438 7008112.0415450725704432, 225469.1081502013548743 7008133.2082540718838573, 225479.6915047013899311 7008154.3749630721285939, 225505.0915555014798883 7008184.0083556724712253, 225522.0249227015592624 7008177.6583429723978043, 225560.1249989017087501 7008141.6749376719817519, 225651.1418476020917296 7008042.1914053717628121, 225689.2419238022412173 7008059.1247725719586015, 225769.6754180025600363 7008167.0749884722754359, 225786.6087852026103064 7008200.9417228726670146, 225786.6087852026103064 7008217.8750900728628039, 225646.9085058020718861 7008393.5587747730314732, 225623.6251259019772988 7008414.7254837732762098, 225623.6251259019772988 7008414.7254837732762098)", "expire_time": null, "create_time": "2011-03-04 16:19:36", "user": 8}}, {"pk": 24, "model": "softgis_feature.feature", "fields": {"geometry": "LINESTRING (228563.6810060136776883 7010537.7463964764028788, 228536.1642843135632575 7010552.5630927765741944, 228394.3473340130003635 7010582.1964853769168258, 228368.9472832129104063 7010597.0131816761568189, 228343.5472324127913453 7010607.5965361762791872, 228324.4971943127166014 7010622.4132324764505029, 228303.3304853126464877 7010635.1132578765973449, 228288.5137890125915874 7010652.0466250767931342, 228269.4637509125168435 7010668.9799922769889235, 228250.4137128124129958 7010690.1467012772336602, 228233.4803456123627257 7010704.9633975764736533, 228216.5469784122833516 7010715.5467520765960217, 228199.6136112122330815 7010726.1301065767183900, 228182.6802440121537074 7010734.5967901768162847, 228165.7468768120743334 7010749.4134864769876003, 228148.8135096120240632 7010762.1135118771344423, 228131.8801424119446892 7010768.4635245772078633, 228114.9467752118944190 7010781.1635499773547053, 228098.0134080118150450 7010793.8635753775015473, 228081.0800408117356710 7010808.6802716776728630, 228064.1466736116854008 7010819.2636261768639088, 228047.2133064116060268 7010829.8469806769862771, 228030.2799392115557566 7010840.4303351771086454, 228013.3465720114763826 7010853.1303605772554874, 227996.4132048113970086 7010863.7137150773778558, 227994.2965339114016388 7010865.8303859774023294, 227994.2965339114016388 7010865.8303859774023294)", "expire_time": null, "create_time": "2011-03-07 13:20:09", "user": 8}}, {"pk": 25, "model": "softgis_feature.feature", "fields": {"geometry": "LINESTRING (227130.6948067079356406 7010222.3624323755502701, 227156.0948575080255978 7010268.9291921751573682, 227888.4629889109637588 7010662.6299795769155025, 227888.4629889109637588 7010726.1301065767183900, 228070.4966863117006142 7010859.4803732773289084, 228034.5132810115464963 7010870.0637277774512768, 228006.9965593114611693 7010867.9470568774268031, 227992.1798630113771651 7010865.8303859774023294, 227968.8964831113116816 7010876.4137404775246978, 227943.4964323111926205 7010880.6470822775736451, 227926.5630651111132465 7010882.7637531775981188, 227911.7463688110583462 7010899.6971203777939081, 227896.9296725110034458 7010916.6304875779896975, 227892.6963307109836023 7010918.7471584780141711)", "expire_time": null, "create_time": "2011-03-07 13:20:17", "user": 8}}, {"pk": 1, "model": "softgis_feature.property", "fields": {"expire_time": "2011-03-03 14:56:08", "create_time": "2011-03-03 14:54:45", "feature": 1, "json_string": "{\"category\": \"default\", \"node\": \"happiness\", \"tellmore\": \"mikkomikko\", \"valuename\": \"happiness\"}"}}, {"pk": 2, "model": "softgis_feature.property", "fields": {"expire_time": "2011-03-03 15:28:47", "create_time": "2011-03-03 14:56:08", "feature": 1, "json_string": "{\"category\": \"default\", \"node\": \"happiness\", \"tellmore\": \"mikkomikko on \", \"valuename\": \"happiness\"}"}}, {"pk": 3, "model": "softgis_feature.property", "fields": {"expire_time": null, "create_time": "2011-03-03 15:28:47", "feature": 1, "json_string": "{\"category\": \"default\", \"node\": \"happiness\", \"tellmore\": \"mikkomikko on dasdasdsa\", \"valuename\": \"happiness\"}"}}, {"pk": 4, "model": "softgis_feature.property", "fields": {"expire_time": null, "create_time": "2011-03-03 15:28:57", "feature": 2, "json_string": "{\"category\": \"default\", \"node\": \"pleasantroute\", \"tellmore\": \"asdasdasdas\", \"mtransport\": \"car\", \"valuename\": \"pleasantroute\"}"}}, {"pk": 5, "model": "softgis_feature.property", "fields": {"expire_time": null, "create_time": "2011-03-03 17:20:23", "feature": 3, "json_string": "{\"category\": \"default\", \"node\": \"unpleasantroute\", \"tellmore\": \"asdasdadas\", \"mtransport\": \"car\", \"valuename\": \"unpleasantroute\"}"}}, {"pk": 6, "model": "softgis_feature.property", "fields": {"expire_time": null, "create_time": "2011-03-03 17:21:11", "feature": 4, "json_string": "{\"category\": \"default\", \"node\": \"unpleasantroute\", \"tellmore\": \"dsadasdas\", \"mtransport\": \"bike\", \"valuename\": \"unpleasantroute\"}"}}, {"pk": 7, "model": "softgis_feature.property", "fields": {"expire_time": null, "create_time": "2011-03-03 17:21:42", "feature": 5, "json_string": "{\"category\": \"default\", \"node\": \"unpleasantroute\", \"tellmore\": \"dsadasdas\", \"mtransport\": \"many\", \"valuename\": \"unpleasantroute\"}"}}, {"pk": 8, "model": "softgis_feature.property", "fields": {"expire_time": null, "create_time": "2011-03-04 09:39:19", "feature": 6, "json_string": "{\"category\": \"default\", \"node\": \"happiness\", \"tellmore\": \"mikkomikko\", \"valuename\": \"happiness\"}"}}, {"pk": 9, "model": "softgis_feature.property", "fields": {"expire_time": null, "create_time": "2011-03-04 09:39:32", "feature": 7, "json_string": "{\"category\": \"default\", \"node\": \"happiness\", \"tellmore\": \"mikkomikko\", \"valuename\": \"happiness\"}"}}, {"pk": 10, "model": "softgis_feature.property", "fields": {"expire_time": null, "create_time": "2011-03-04 09:44:41", "feature": 8, "json_string": "{\"category\": \"default\", \"node\": \"happiness\", \"tellmore\": \"kiva mesta\", \"valuename\": \"happiness\"}"}}, {"pk": 11, "model": "softgis_feature.property", "fields": {"expire_time": null, "create_time": "2011-03-04 10:05:28", "feature": 9, "json_string": "{\"category\": \"default\", \"node\": \"happiness\", \"tellmore\": \"Kiva paikka\", \"valuename\": \"happiness\"}"}}, {"pk": 12, "model": "softgis_feature.property", "fields": {"expire_time": null, "create_time": "2011-03-04 10:15:12", "feature": 10, "json_string": "{\"category\": \"default\", \"node\": \"happiness\", \"tellmore\": \"Kiva paikka\", \"valuename\": \"happiness\"}"}}, {"pk": 13, "model": "softgis_feature.property", "fields": {"expire_time": null, "create_time": "2011-03-04 10:15:49", "feature": 11, "json_string": "{\"category\": \"default\", \"node\": \"happiness\", \"tellmore\": \"Kiva paikka jee\", \"valuename\": \"happiness\"}"}}, {"pk": 14, "model": "softgis_feature.property", "fields": {"expire_time": null, "create_time": "2011-03-04 10:32:33", "feature": 12, "json_string": "{\"category\": \"default\", \"node\": \"happiness\", \"tellmore\": \"kiva paikka\", \"valuename\": \"happiness\"}"}}, {"pk": 15, "model": "softgis_feature.property", "fields": {"expire_time": null, "create_time": "2011-03-04 12:28:30", "feature": 13, "json_string": "{\"category\": \"default\", \"node\": \"unpleasantroute\", \"tellmore\": \"sdfsfsa\", \"mtransport\": \"many\", \"valuename\": \"unpleasantroute\"}"}}, {"pk": 16, "model": "softgis_feature.property", "fields": {"expire_time": null, "create_time": "2011-03-04 12:32:31", "feature": 14, "json_string": "{\"category\": \"default\", \"node\": \"pleasantroute\", \"tellmore\": \"dasdas\", \"mtransport\": null, \"valuename\": \"pleasantroute\"}"}}, {"pk": 17, "model": "softgis_feature.property", "fields": {"expire_time": null, "create_time": "2011-03-04 12:44:26", "feature": 15, "json_string": "{\"category\": \"default\", \"node\": \"unpleasantroute\", \"tellmore\": \"sfasf\", \"mtransport\": null, \"valuename\": \"unpleasantroute\"}"}}, {"pk": 18, "model": "softgis_feature.property", "fields": {"expire_time": null, "create_time": "2011-03-04 12:53:39", "feature": 16, "json_string": "{\"category\": \"default\", \"node\": \"unpleasantroute\", \"tellmore\": \"dfgdfgdfgdfdf vika\", \"mtransport\": \"many\", \"valuename\": \"unpleasantroute\"}"}}, {"pk": 19, "model": "softgis_feature.property", "fields": {"expire_time": null, "create_time": "2011-03-04 13:00:21", "feature": 17, "json_string": "{\"category\": \"default\", \"node\": \"otheroutdoor\", \"tellmore\": \"cascacsa\", \"valuename\": \"otheroutdoor\"}"}}, {"pk": 21, "model": "softgis_feature.property", "fields": {"expire_time": null, "create_time": "2011-03-04 13:33:42", "feature": 19, "json_string": "{\"category\": \"default\", \"node\": \"happiness\", \"tellmore\": \"fsfsdfsdfsa\", \"valuename\": \"happiness\"}"}}, {"pk": 22, "model": "softgis_feature.property", "fields": {"expire_time": null, "create_time": "2011-03-04 15:32:32", "feature": 20, "json_string": "{\"category\": \"default\", \"node\": \"pleasantroute\", \"tellmore\": \"\", \"mtransport\": \"car\", \"valuename\": \"pleasantroute\"}"}}, {"pk": 23, "model": "softgis_feature.property", "fields": {"expire_time": null, "create_time": "2011-03-04 16:18:27", "feature": 21, "json_string": "{\"category\": \"default\", \"node\": \"unpleasantroute\", \"tellmore\": \"sdfsfsad\", \"mtransport\": null, \"valuename\": \"unpleasantroute\"}"}}, {"pk": 24, "model": "softgis_feature.property", "fields": {"expire_time": null, "create_time": "2011-03-04 16:19:37", "feature": 22, "json_string": "{\"category\": \"default\", \"node\": \"unpleasantroute\", \"tellmore\": \"sdsd\", \"mtransport\": null, \"valuename\": \"unpleasantroute\"}"}}, {"pk": 26, "model": "softgis_feature.property", "fields": {"expire_time": null, "create_time": "2011-03-07 13:20:09", "feature": 24, "json_string": "{\"category\": \"default\", \"node\": \"unpleasantroute\", \"tellmore\": \"\", \"mtransport\": null, \"valuename\": \"unpleasantroute\"}"}}, {"pk": 27, "model": "softgis_feature.property", "fields": {"expire_time": null, "create_time": "2011-03-07 13:20:17", "feature": 25, "json_string": "{\"category\": \"default\", \"node\": \"pleasantroute\", \"tellmore\": \"\", \"mtransport\": null, \"valuename\": \"pleasantroute\"}"}}, {"pk": 22, "model": "auth.permission", "fields": {"codename": "add_logentry", "name": "Can add log entry", "content_type": 8}}, {"pk": 23, "model": "auth.permission", "fields": {"codename": "change_logentry", "name": "Can change log entry", "content_type": 8}}, {"pk": 24, "model": "auth.permission", "fields": {"codename": "delete_logentry", "name": "Can delete log entry", "content_type": 8}}, {"pk": 4, "model": "auth.permission", "fields": {"codename": "add_group", "name": "Can add group", "content_type": 2}}, {"pk": 5, "model": "auth.permission", "fields": {"codename": "change_group", "name": "Can change group", "content_type": 2}}, {"pk": 6, "model": "auth.permission", "fields": {"codename": "delete_group", "name": "Can delete group", "content_type": 2}}, {"pk": 10, "model": "auth.permission", "fields": {"codename": "add_message", "name": "Can add message", "content_type": 4}}, {"pk": 11, "model": "auth.permission", "fields": {"codename": "change_message", "name": "Can change message", "content_type": 4}}, {"pk": 12, "model": "auth.permission", "fields": {"codename": "delete_message", "name": "Can delete message", "content_type": 4}}, {"pk": 1, "model": "auth.permission", "fields": {"codename": "add_permission", "name": "Can add permission", "content_type": 1}}, {"pk": 2, "model": "auth.permission", "fields": {"codename": "change_permission", "name": "Can change permission", "content_type": 1}}, {"pk": 3, "model": "auth.permission", "fields": {"codename": "delete_permission", "name": "Can delete permission", "content_type": 1}}, {"pk": 7, "model": "auth.permission", "fields": {"codename": "add_user", "name": "Can add user", "content_type": 3}}, {"pk": 8, "model": "auth.permission", "fields": {"codename": "change_user", "name": "Can change user", "content_type": 3}}, {"pk": 9, "model": "auth.permission", "fields": {"codename": "delete_user", "name": "Can delete user", "content_type": 3}}, {"pk": 13, "model": "auth.permission", "fields": {"codename": "add_contenttype", "name": "Can add content type", "content_type": 5}}, {"pk": 14, "model": "auth.permission", "fields": {"codename": "change_contenttype", "name": "Can change content type", "content_type": 5}}, {"pk": 15, "model": "auth.permission", "fields": {"codename": "delete_contenttype", "name": "Can delete content type", "content_type": 5}}, {"pk": 16, "model": "auth.permission", "fields": {"codename": "add_session", "name": "Can add session", "content_type": 6}}, {"pk": 17, "model": "auth.permission", "fields": {"codename": "change_session", "name": "Can change session", "content_type": 6}}, {"pk": 18, "model": "auth.permission", "fields": {"codename": "delete_session", "name": "Can delete session", "content_type": 6}}, {"pk": 19, "model": "auth.permission", "fields": {"codename": "add_site", "name": "Can add site", "content_type": 7}}, {"pk": 20, "model": "auth.permission", "fields": {"codename": "change_site", "name": "Can change site", "content_type": 7}}, {"pk": 21, "model": "auth.permission", "fields": {"codename": "delete_site", "name": "Can delete site", "content_type": 7}}, {"pk": 32, "model": "auth.permission", "fields": {"codename": "add_feature", "name": "Can add feature", "content_type": 11}}, {"pk": 35, "model": "auth.permission", "fields": {"codename": "can_view_all", "name": "Can view all features", "content_type": 11}}, {"pk": 36, "model": "auth.permission", "fields": {"codename": "can_view_non_confidential", "name": "Can view the non confidential features", "content_type": 11}}, {"pk": 33, "model": "auth.permission", "fields": {"codename": "change_feature", "name": "Can change feature", "content_type": 11}}, {"pk": 34, "model": "auth.permission", "fields": {"codename": "delete_feature", "name": "Can delete feature", "content_type": 11}}, {"pk": 37, "model": "auth.permission", "fields": {"codename": "add_property", "name": "Can add property", "content_type": 12}}, {"pk": 38, "model": "auth.permission", "fields": {"codename": "change_property", "name": "Can change property", "content_type": 12}}, {"pk": 39, "model": "auth.permission", "fields": {"codename": "delete_property", "name": "Can delete property", "content_type": 12}}, {"pk": 28, "model": "auth.permission", "fields": {"codename": "add_profilevalue", "name": "Can add profile value", "content_type": 10}}, {"pk": 31, "model": "auth.permission", "fields": {"codename": "can_view_profiles", "name": "can view profiles", "content_type": 10}}, {"pk": 29, "model": "auth.permission", "fields": {"codename": "change_profilevalue", "name": "Can change profile value", "content_type": 10}}, {"pk": 30, "model": "auth.permission", "fields": {"codename": "delete_profilevalue", "name": "Can delete profile value", "content_type": 10}}, {"pk": 25, "model": "auth.permission", "fields": {"codename": "add_staticprofilevalue", "name": "Can add static profile value", "content_type": 9}}, {"pk": 26, "model": "auth.permission", "fields": {"codename": "change_staticprofilevalue", "name": "Can change static profile value", "content_type": 9}}, {"pk": 27, "model": "auth.permission", "fields": {"codename": "delete_staticprofilevalue", "name": "Can delete static profile value", "content_type": 9}}, {"pk": 1, "model": "auth.user", "fields": {"username": "msjohans", "first_name": "Mikko", "last_name": "Johansson", "is_active": true, "is_superuser": true, "is_staff": true, "last_login": "2011-02-21 04:19:41", "groups": [], "user_permissions": [], "password": "sha1$5be69$964900ecc24040205ec52422b7d82694301fb673", "email": "mikko.johansson@aalto.fi", "date_joined": "2011-02-21 04:19:41"}}, {"pk": 2, "model": "auth.user", "fields": {"username": "2", "first_name": "", "last_name": "", "is_active": true, "is_superuser": false, "is_staff": false, "last_login": "2011-03-03 14:54:00", "groups": [], "user_permissions": [], "password": "sha1$ecdfa$3b22612dd0eea9cb13fd41c58777a518284019de", "email": "", "date_joined": "2011-03-03 14:54:00"}}, {"pk": 3, "model": "auth.user", "fields": {"username": "{'id__max': 2}", "first_name": "", "last_name": "", "is_active": true, "is_superuser": false, "is_staff": false, "last_login": "2011-03-04 09:38:35", "groups": [], "user_permissions": [], "password": "sha1$59ff9$f1d4eafa27f8461e779b22059c2833d2c413fbc0", "email": "", "date_joined": "2011-03-04 09:38:34"}}, {"pk": 4, "model": "auth.user", "fields": {"username": "{'id__max': 3}", "first_name": "", "last_name": "", "is_active": true, "is_superuser": false, "is_staff": false, "last_login": "2011-03-04 09:44:19", "groups": [], "user_permissions": [], "password": "sha1$1986d$44be9c76bed3bdd7eaf1d52ede994c3d4b1831c1", "email": "", "date_joined": "2011-03-04 09:44:19"}}, {"pk": 5, "model": "auth.user", "fields": {"username": "{'id__max': 4}", "first_name": "", "last_name": "", "is_active": true, "is_superuser": false, "is_staff": false, "last_login": "2011-03-04 10:03:46", "groups": [], "user_permissions": [], "password": "sha1$d63b9$50cd782b82ce3581382fa58669b57cc4c597026a", "email": "", "date_joined": "2011-03-04 10:03:46"}}, {"pk": 6, "model": "auth.user", "fields": {"username": "{'id__max': 5}", "first_name": "", "last_name": "", "is_active": true, "is_superuser": false, "is_staff": false, "last_login": "2011-03-04 10:08:44", "groups": [], "user_permissions": [], "password": "sha1$d1235$c8bd61ddc1283a5164ab926efa3a39427f2293c6", "email": "", "date_joined": "2011-03-04 10:08:44"}}, {"pk": 7, "model": "auth.user", "fields": {"username": "{'id__max': 6}", "first_name": "", "last_name": "", "is_active": true, "is_superuser": false, "is_staff": false, "last_login": "2011-03-04 10:32:06", "groups": [], "user_permissions": [], "password": "sha1$59eb9$9e29b1c3ac84aaa6db598e3ab143ecc2ce7fa3fc", "email": "", "date_joined": "2011-03-04 10:32:06"}}, {"pk": 8, "model": "auth.user", "fields": {"username": "{'id__max': 7}", "first_name": "", "last_name": "", "is_active": true, "is_superuser": false, "is_staff": false, "last_login": "2011-03-04 13:24:32", "groups": [], "user_permissions": [], "password": "sha1$1cb05$501b12e740a7e054f9f8140cb6ba871883031973", "email": "", "date_joined": "2011-03-04 13:24:32"}}]